{"cameraMode":{"drawMode":0,"name":"Shaded","section":"Shading Mode"},"sceneLighting":false,"audioPlay":false,"sceneViewState":{"m_AlwaysRefresh":false,"showFog":true,"showSkybox":false,"showFlares":true,"showImageEffects":true,"showParticleSystems":true,"showVisualEffectGraphs":true,"m_FxEnabled":true},"in2DMode":false,"pivot":{"x":0.5199999809265137,"y":4.980000019073486,"z":7.53070068359375},"rotation":{"x":0.08658415824174881,"y":0.08358412235975266,"z":-0.007290640380233526,"w":0.9927080273628235},"size":0.8660253882408142,"orthographic":false}